{
    "unitmass": 39.47841760435743,
    "Sun": {
        "mass": 1.0,
        "position": [0.0, 0.0, 0.0],
        "velocity": [0.0, 0.0, 0.0]
    },
    "Jupiter": {
        "mass": 9.54791938424326609e-04,
        "position": [
            4.84143144246472090e+00,
            -1.16032004402742839e+00,
            -1.03622044471123109e-01
        ],
        "velocity": [
            0.606326392995832,
            2.81198684491626,
            -0.02521836165988763
        ]
    },
    "Saturn": {
        "mass": 2.85885980666130812e-04,
        "position": [
            8.34336671824457987e+00,
            4.12479856412430479e+00,
            -4.03523417114321381e-01
        ],
        "velocity": [
            -1.0107743461787924,
            1.8256623712304119,
            0.008415761376584154
        ]
    },
    "Uranus": {
        "mass": 4.36624404335156298e-05,
        "position": [
            1.28943695621391310e+01,
            -1.51111514016986312e+01,
            -2.23307578892655734e-01
        ],
        "velocity": [
            1.0827910064415354,
            0.8687130181696082,
            -0.010832637401363636
        ]
    },
    "Neptune": {
        "mass": 5.15138902046611451e-05,
        "position": [
            1.53796971148509165e+01,
            -2.59193146099879641e+01,
            1.79258772950371181e-01
        ],
        "velocity": [
            0.979090732243898,
            0.5946989986476762,
            -0.034755955504078104
        ]
    }
}
